ime,priimek,email
ikolaus,Coneybeare,nconeybeare0@mediafire.com
rier,Tyers,gtyers1@mozilla.org
olanda,Shane,eshane2@cloudflare.com
ranz,Dugan,fdugan3@zimbio.com
anean,Yarnton,jyarnton4@blog.com
athye,Murrish,kmurrish5@dell.com
illard,Fusco,mfusco6@oaic.gov.au
ikki,Futcher,rfutcher7@netvibes.com
illiard,Haggus,hhaggus8@wikia.com
Paige,Butchers,pbutchers9@nba.com
Kellen,Casse,kcassea@chicagotribune.com
Christa,Danilishin,cdanilishinb@constantcontact.com
Alanah,McCormick,amccormickc@edublogs.org
Cyril,Seid,cseidd@usnews.com
Florri,Frickey,ffrickeye@ucoz.com
Pennie,Ladon,pladonf@de.vu
Maynord,Jaram,mjaramg@tripod.com
Erhard,Armor,earmorh@rambler.ru
Tish,Uebel,tuebeli@wordpress.com
Harwilll,Trinder,htrinderj@tmall.com
Susann,Sherebrook,ssherebrookk@businesswire.com
Robbie,Fonte,rfontel@stumbleupon.com
Leora,Ferrino,lferrinom@xing.com
Tisha,Domenget,tdomengetn@soundcloud.com
Obediah,Diffley,odiffleyo@so-net.ne.jp
Isobel,Houldin,ihouldinp@barnesandnoble.com
Levey,Middlewick,lmiddlewickq@netscape.com
Amii,Renehan,arenehanr@usda.gov
Katalin,D'Agostini,kdagostinis@mysql.com
Drusy,Boichat,dboichatt@nyu.edu
Kassey,Gayle,kgayleu@nba.com
Cristobal,Leguay,cleguayv@weather.com
Arielle,Sleicht,asleichtw@themeforest.net
Mommy,Morena,mmorenax@google.com.hk
Ezechiel,Neiland,eneilandy@go.com
Hardy,Deamer,hdeamerz@bloglovin.com
Winni,Eynon,weynon10@jigsy.com
Meier,Tuttiett,mtuttiett11@webs.com
Melvyn,Cicccitti,mcicccitti12@archive.org
Nowell,Hirtz,nhirtz13@etsy.com
Magdalene,Chessun,mchessun14@goo.gl
Nerti,Heighton,nheighton15@sina.com.cn
Bartel,Boggon,bboggon16@webeden.co.uk
Abra,Passie,apassie17@buzzfeed.com
Orran,McGilvray,omcgilvray18@fda.gov
Emelina,Balls,eballs19@dailymotion.com
Lilllie,Livens,llivens1a@microsoft.com
Carey,Whitchurch,cwhitchurch1b@mtv.com
Gerti,Abrahams,gabrahams1c@youtu.be
Bron,Culver,bculver1d@wordpress.org
